{
  "recursion": 1.1,
  "op_plus": 2.200000000000001,
  "op_minus": 1.3000000000000003,
  "op_mult": 1.4000000000000004,
  "depth_penalty": 0.1,
  "learning_rate": 0.1
}